g.name	raw.score	z.score	p.value	q.value
FKBP5	10.899335	5.357336	0.000000	0.004656
