g.name	raw.score	z.score	p.value	q.value
ZFP36	0.712851	5.110716	0.000001	0.008464
