g.name	raw.score	z.score	p.value	q.value
CLP1	1.548771	5.889206	0.000000	0.000234
DUSP6	1.470230	5.445176	0.000000	0.001448
TDGF1	1.429885	5.217089	0.000000	0.003258
NBPF1	1.414654	5.130977	0.000001	0.003699
ZNF532	1.407997	5.093342	0.000001	0.003699
YPEL4	1.388403	4.982572	0.000002	0.005386
ID1	1.372060	4.890178	0.000003	0.007269
DNMT3B	1.367297	4.863247	0.000003	0.007269
