g.name	raw.score	z.score	p.value	q.value
ZFP36L2	15.125695	5.783465	0.000000	0.000217
PTMA	14.758108	5.588405	0.000000	0.000438
CEBPB	14.105934	5.242331	0.000000	0.002141
JUNB	13.912952	5.139925	0.000001	0.002915
FOSL2	13.548046	4.946288	0.000002	0.006450
