g.name	raw.score	z.score	p.value	q.value
BCL6	5.949614	6.408813	0.000000	0.000005
TMEM253	5.456180	5.625054	0.000000	0.000357
TM7SF2	5.264722	5.320947	0.000000	0.001414
RHOF	5.181309	5.188456	0.000001	0.002269
DNAJC22	5.148949	5.137056	0.000001	0.002465
NR4A1	5.128944	5.105280	0.000001	0.002486
FRS3	5.007563	4.912482	0.000002	0.005714
ERCC1	4.951020	4.822670	0.000004	0.007308
CALCB	4.946836	4.816025	0.000004	0.007308
