g.name	raw.score	z.score	p.value	q.value
DUSP1	14.564303	6.035892	0.000000	0.000098
ZFP36L2	13.611855	5.523153	0.000000	0.000944
ZNF503	13.400331	5.409282	0.000000	0.001173
PTMA	12.838833	5.107006	0.000001	0.003676
JUN	12.815776	5.094594	0.000001	0.003676
