g.name	raw.score	z.score	p.value	q.value
BHLHE40	11.979379	5.920524	0.000000	0.000097
ISCU	11.362966	5.512912	0.000000	0.000666
PDE4A	11.119271	5.351765	0.000000	0.001099
DUSP22	11.080851	5.326359	0.000000	0.001099
PRR14	10.834085	5.163182	0.000001	0.002155
TSPOAP1	10.751078	5.108292	0.000001	0.002448
NBPF1	10.639829	5.034727	0.000001	0.003111
PSMB8	10.471897	4.923679	0.000002	0.004807
HIST1H3D	10.365564	4.853365	0.000003	0.006101
LAPTM5	10.283022	4.798783	0.000004	0.007218
