g.name	raw.score	z.score	p.value	q.value
ZNF503	14.152662	5.661044	0.000000	0.000326
LTB4R	14.116148	5.640943	0.000000	0.000326
