g.name	raw.score	z.score	p.value	q.value
FIBP	15.502905	5.833518	0.000000	0.000162
MAN2A1	14.925262	5.560295	0.000000	0.000513
NBPF1	14.158698	5.197712	0.000001	0.002703
CIAO1	13.912368	5.081199	0.000001	0.003935
GPR108	13.767581	5.012715	0.000001	0.004633
NR4A3	13.630973	4.948100	0.000002	0.005479
PCDH8	13.420206	4.848408	0.000003	0.007812
