g.name	raw.score	z.score	p.value	q.value
NBPF1	6.893157	12.265797	0.000000	0.000000
PDXDC1	3.274847	3.508117	0.000848	0.036824
