g.name	raw.score	z.score	p.value	q.value
ZFP36L2	17.430102	5.261586	0.000000	0.007741
