g.name	raw.score	z.score	p.value	q.value
ZFP36	1.569333	7.645221	0.000000	0.000000
RPS16	1.200915	5.343542	0.000000	0.001985
SUPT5H	1.186338	5.252467	0.000000	0.001985
AXL	1.180897	5.218475	0.000000	0.001985
ANXA2	1.180200	5.214122	0.000000	0.001985
AKR1B10	1.147926	5.012490	0.000001	0.004638
PLEKHG2	1.137511	4.947424	0.000002	0.005497
NBPF1	1.130585	4.904151	0.000002	0.005953
