g.name	raw.score	z.score	p.value	q.value
ACBD4	17.145163	5.405927	0.000000	0.001792
PTMA	16.365301	5.079603	0.000001	0.006612
TMX4	16.090638	4.964674	0.000002	0.008832
