g.name	raw.score	z.score	p.value	q.value
ZFP36	1.186178	7.217209	0.000000	0.000000
AKR1B10	1.045272	6.036234	0.000000	0.000035
DUSP1	1.044035	6.025865	0.000000	0.000035
PLEKHG2	1.003963	5.690012	0.000000	0.000185
NBPF1	0.959796	5.319838	0.000000	0.001138
FKBP5	0.916655	4.958263	0.000002	0.006078
ZNF780B	0.864494	4.521088	0.000015	0.041373
