g.name	raw.score	z.score	p.value	q.value
FKBP5	13.691627	5.592119	0.000000	0.000773
ZFP36L2	13.632681	5.559256	0.000000	0.000773
HLA-DMA	12.652864	5.013001	0.000001	0.008679
PTMA	12.572471	4.968182	0.000002	0.008679
C2CD2L	12.482858	4.918222	0.000002	0.008888
