g.name	raw.score	z.score	p.value	q.value
NBPF1	19.801185	5.050809	0.000001	0.022950
CLPS	19.143993	4.807427	0.000004	0.028298
PER1	19.082945	4.784819	0.000004	0.028298
BRD2	18.847763	4.697722	0.000006	0.032074
IRF2BP2	18.567537	4.593944	0.000010	0.035253
HLA-DMA	18.557061	4.590065	0.000011	0.035253
