g.name	raw.score	z.score	p.value	q.value
ZFP36L2	17.430102	5.261586	0.000000	0.007741
FKBP5	16.699724	4.967966	0.000002	0.017377
TNFRSF14	16.071747	4.715512	0.000006	0.039331
