g.name	raw.score	z.score	p.value	q.value
BCL6	6.441200	5.888111	0.000000	0.000118
TMEM253	6.376257	5.795488	0.000000	0.000135
RGMB	5.993256	5.249242	0.000000	0.002065
PTMA	5.907719	5.127247	0.000001	0.002737
ACBD4	5.900267	5.116618	0.000001	0.002737
SETD1B	5.815664	4.995955	0.000002	0.004319
RHOF	5.782259	4.948312	0.000002	0.004789
