g.name	raw.score	z.score	p.value	q.value
NBPF1	18.984280	5.923583	0.000000	0.000191
MNT	17.230006	5.250141	0.000000	0.003960
HSPE1	17.046095	5.179540	0.000001	0.003960
