g.name	raw.score	z.score	p.value	q.value
AL132780.3	3.487637	6.258822	0.000000	0.000012
PCK2	3.173494	5.547713	0.000000	0.000550
HECTD1	3.083038	5.342954	0.000000	0.001257
CBX4	2.967595	5.081631	0.000001	0.003926
SRP54	2.857468	4.832342	0.000003	0.007681
NFS1	2.854006	4.824505	0.000004	0.007681
NFKBIA	2.847543	4.809875	0.000004	0.007681
KIAA0391	2.845682	4.805662	0.000004	0.007681
TTC6	2.839020	4.790584	0.000004	0.007681
ROMO1	2.836917	4.785822	0.000004	0.007681
