g.name	raw.score	z.score	p.value	q.value
ADM	13.244917	5.641426	0.000000	0.000488
ATXN1	12.526462	5.228491	0.000000	0.003069
IRS1	12.414785	5.164304	0.000001	0.003213
PTMA	12.294922	5.095412	0.000001	0.003660
