g.name	raw.score	z.score	p.value	q.value
ZBTB45	4.212143	34.127057	0.000000	0.000000
ACRBP	2.621770	20.623439	0.000000	0.000000
MRPS5	2.588667	20.342365	0.000000	0.000000
ZNF502	1.787270	13.537825	0.000000	0.000000
ZNF880	1.563302	11.636144	0.000000	0.000000
ZNF669	0.951183	6.438734	0.000000	0.000001
C10orf55	0.786675	5.041922	0.000001	0.003000
