g.name	raw.score	z.score	p.value	q.value
NBPF1	17.262204	5.988379	0.000000	0.000065
TSPOAP1	15.895357	5.305349	0.000000	0.002048
