g.name	raw.score	z.score	p.value	q.value
NBPF1	14.661280	7.751839	0.000000	0.000000
MISP3	12.647578	6.389550	0.000000	0.000005
PTMA	11.792479	5.811068	0.000000	0.000123
AL928654.3	11.152073	5.377826	0.000000	0.001043
SLCO3A1	10.829202	5.159401	0.000001	0.002400
MAT2A	10.803898	5.142283	0.000001	0.002400
SMIM5	10.601219	5.005168	0.000001	0.004124
ARL2-SNX15	10.466719	4.914178	0.000002	0.005667
