g.name	raw.score	z.score	p.value	q.value
JUNB	18.934527	5.321640	0.000000	0.002619
PIM3	18.754517	5.253940	0.000000	0.002619
JUND	18.621182	5.203795	0.000001	0.002619
ZNF503	18.410075	5.124400	0.000001	0.002959
DUSP1	18.348906	5.101395	0.000001	0.002959
ZFP36L2	18.104303	5.009403	0.000001	0.003898
FOSL2	17.954970	4.953241	0.000002	0.003898
TSPAN4	17.946432	4.950030	0.000002	0.003898
POLR2L	17.932542	4.944806	0.000002	0.003898
