g.name	raw.score	z.score	p.value	q.value
PHF12	23.085348	5.377036	0.000000	0.002094
PPP1R13L	22.450514	5.192637	0.000001	0.003039
NAA35	22.390164	5.175108	0.000001	0.003039
RAB5B	22.173466	5.112164	0.000001	0.003361
RUVBL2	21.485968	4.912468	0.000002	0.007620
TNFSF9	21.245422	4.842597	0.000003	0.009183
POLG	21.139444	4.811814	0.000004	0.009322
