g.name	raw.score	z.score	p.value	q.value
NBPF1	6.893157	12.265797	0.000000	0.000000
