g.name	raw.score	z.score	p.value	q.value
NBPF1	0.667231	5.287644	0.000000	0.006747
ZNF507	0.620965	4.736224	0.000005	0.036257
UBA2	0.620672	4.732737	0.000005	0.036257
