g.name	raw.score	z.score	p.value	q.value
NBPF1	4.863182	9.495557	0.000000	0.000000
ZFP36	3.093948	4.757836	0.000005	0.047429
BCL6	3.063252	4.675637	0.000007	0.047429
