g.name	raw.score	z.score	p.value	q.value
NBPF1	1.588580	5.473929	0.000000	0.001238
SOX2	1.549935	5.281997	0.000000	0.002317
