g.name	raw.score	z.score	p.value	q.value
NBPF1	5.797156	6.006884	0.000000	0.000058
ZFP36	5.305247	5.253373	0.000000	0.002694
