g.name	raw.score	z.score	p.value	q.value
NBPF1	5.834460	10.557162	0.000000	0.000000
ZFP36	3.435750	4.563556	0.000012	0.014789
UPK2	3.185899	3.939259	0.000170	0.014789
BCL9L	3.082785	3.681610	0.000455	0.023747
C12orf57	3.064586	3.636137	0.000537	0.027155
PTPN6	2.998527	3.471078	0.000965	0.043914
