g.name	raw.score	z.score	p.value	q.value
ZFP36	1.134101	5.568003	0.000000	0.001227
NBPF1	1.120837	5.475508	0.000000	0.001227
SUPT5H	1.069024	5.114196	0.000001	0.005543
RPS16	1.056780	5.028810	0.000001	0.006410
AC008982.1	1.009029	4.695821	0.000006	0.025890
AKR1B10	1.000617	4.637160	0.000009	0.028368
SERTAD1	0.992569	4.581042	0.000011	0.031493
