g.name	raw.score	z.score	p.value	q.value
PCK1	2.719300	8.118021	0.000000	0.000000
NBPF1	2.183764	6.040159	0.000000	0.000048
DUSP1	2.123455	5.806164	0.000000	0.000116
IGFBP1	2.114737	5.772338	0.000000	0.000116
EFNA1	2.002237	5.335844	0.000000	0.001045
PER1	1.898801	4.934515	0.000002	0.005414
SLC50A1	1.898507	4.933375	0.000002	0.005414
AGT	1.895952	4.923460	0.000002	0.005414
