g.name	raw.score	z.score	p.value	q.value
NBPF1	5.834460	10.557162	0.000000	0.000000
