g.name	raw.score	z.score	p.value	q.value
GSK3A	18.958551	5.614690	0.000000	0.001135
DCAF11	17.362732	5.053410	0.000001	0.007253
APOM	17.337114	5.044400	0.000001	0.007253
TBC1D17	17.222786	5.004188	0.000001	0.007253
