g.name	raw.score	z.score	p.value	q.value
HMGXB3	2.095812	7.858004	0.000000	0.000000
NCDN	2.056406	7.659788	0.000000	0.000000
KIAA0319L	2.035135	7.552788	0.000000	0.000000
TIGD6	2.031954	7.536787	0.000000	0.000000
AKR1B10	1.725443	5.994997	0.000000	0.000025
CNOT3	1.581316	5.270015	0.000000	0.001234
OR4K1	1.510886	4.915742	0.000002	0.006427
