g.name	raw.score	z.score	p.value	q.value
ZFP36	1.134101	5.568003	0.000000	0.001227
NBPF1	1.120837	5.475508	0.000000	0.001227
SUPT5H	1.069024	5.114196	0.000001	0.005543
RPS16	1.056780	5.028810	0.000001	0.006410
