g.name	raw.score	z.score	p.value	q.value
ZFP36L2	20.298471	6.018429	0.000000	0.000054
NBPF1	19.721689	5.771044	0.000000	0.000155
JUNB	19.351715	5.612361	0.000000	0.000287
CIRBP	18.608510	5.293597	0.000000	0.001308
FKBP5	18.230373	5.131412	0.000001	0.002538
PTPN6	17.639222	4.877864	0.000003	0.007737
