g.name	raw.score	z.score	p.value	q.value
NBPF1	1.253234	6.053228	0.000000	0.000088
ZFP36	1.120554	5.103001	0.000001	0.008347
AC008982.1	1.110828	5.033347	0.000001	0.008347
SUPT5H	1.096629	4.931653	0.000002	0.008347
RPS16	1.096536	4.930988	0.000002	0.008347
