g.name	raw.score	z.score	p.value	q.value
BRD2	16.889618	5.062578	0.000001	0.007080
HIST2H2BE	16.859425	5.049583	0.000001	0.007080
BCL6	16.672367	4.969070	0.000002	0.007080
HLA-DMA	16.661213	4.964269	0.000002	0.007080
