g.name	raw.score	z.score	p.value	q.value
NBPF1	2.405909	8.048279	0.000000	0.000000
BCL6	1.904064	5.579575	0.000000	0.000691
SETD1B	1.805402	5.094236	0.000001	0.006137
HNRNPLL	1.775353	4.946413	0.000002	0.009668
