g.name	raw.score	z.score	p.value	q.value
TMEM253	1.729545	5.857418	0.000000	0.000141
NBPF1	1.683352	5.616335	0.000000	0.000341
TM7SF2	1.669450	5.543778	0.000000	0.000341
DNAJC22	1.669068	5.541785	0.000000	0.000341
NR6A1	1.608110	5.223642	0.000000	0.001574
